year,run,addiction_rate,mean_debt,pct_over_50
1995,0,0.101,9.847202970606785,0.0
1996,0,0.197,33.117623772687615,0.0
1997,0,0.262,64.86999291198092,0.004
1998,0,0.335,108.90068218828074,0.014
1999,0,0.394,169.94338258340989,0.026
2000,0,0.441,236.65194430557963,0.059
2001,0,0.487,323.93949395638583,0.096
2002,0,0.518,419.8314204432068,0.148
2003,0,0.559,528.8422379004846,0.181
2004,0,0.594,658.258540580805,0.231
2005,0,0.626,798.6794303438589,0.28
2006,0,0.657,955.2332880952994,0.331
2007,0,0.69,1136.5863926864536,0.381
2008,0,0.716,1323.9972474885346,0.426
2009,0,0.737,1541.0766007417628,0.462
2010,0,0.765,1768.3755693403057,0.509
2011,0,0.782,2014.8105177710877,0.539
2012,0,0.799,2269.6663002233736,0.573
2013,0,0.815,2545.2795747992377,0.596
2014,0,0.835,2826.029787122477,0.617
2015,0,0.847,3134.995090747017,0.651
2016,0,0.865,3456.7895248413683,0.675
2017,0,0.879,3786.658433766635,0.693
2018,0,0.888,4121.15890846938,0.713
2019,0,0.897,4468.486784687042,0.734
2020,0,0.911,4835.037376148965,0.747
2021,0,0.919,5218.0438222641815,0.768
2022,0,0.924,5597.181822955441,0.784
2023,0,0.93,5973.855223791718,0.797
2024,0,0.935,6341.917886975259,0.811
2025,0,0.943,6719.251121785753,0.826
1995,1,0.105,7.72747817366683,0.0
1996,1,0.178,28.6640739908823,0.0
1997,1,0.256,64.45659263930727,0.005
1998,1,0.323,110.19375071076016,0.013
1999,1,0.377,167.17951703419897,0.029
2000,1,0.441,239.0414740679021,0.063
2001,1,0.488,322.50692538238906,0.094
2002,1,0.536,413.5996447731537,0.135
2003,1,0.582,532.5272080441064,0.184
2004,1,0.607,661.0829455623689,0.237
2005,1,0.636,800.7503901993744,0.283
2006,1,0.665,962.1816081201658,0.337
2007,1,0.688,1137.8425235624154,0.378
2008,1,0.711,1332.8673734115894,0.432
2009,1,0.726,1533.0779320078557,0.472
2010,1,0.747,1751.7585660263749,0.508
2011,1,0.765,1992.0502927465648,0.542
2012,1,0.788,2245.1121451240124,0.58
2013,1,0.811,2524.3831675488636,0.607
2014,1,0.837,2818.9172650411865,0.635
2015,1,0.855,3125.2903270766205,0.66
2016,1,0.866,3451.426545938587,0.682
2017,1,0.877,3784.301295134452,0.698
2018,1,0.886,4132.83555609896,0.721
2019,1,0.899,4485.871047022172,0.741
2020,1,0.907,4843.615652864512,0.761
2021,1,0.917,5218.736250233542,0.773
2022,1,0.926,5592.958662644217,0.789
2023,1,0.932,5970.262129956756,0.804
2024,1,0.941,6352.798024803046,0.816
2025,1,0.945,6722.94784858408,0.824
1995,2,0.093,12.578728367548203,0.0
1996,2,0.183,33.592455545946244,0.004
1997,2,0.257,63.4389389463581,0.008
1998,2,0.326,107.8192849907633,0.02
1999,2,0.392,166.3758290815897,0.043
2000,2,0.451,237.51918718974338,0.063
2001,2,0.493,318.3636368366098,0.086
2002,2,0.53,418.38624113451976,0.128
2003,2,0.58,539.2249147428199,0.171
2004,2,0.616,676.7907164171869,0.222
2005,2,0.648,828.1719832177095,0.275
2006,2,0.675,992.1467884119099,0.335
2007,2,0.707,1170.9203777139946,0.398
2008,2,0.732,1376.5108086062019,0.447
2009,2,0.751,1594.9784780558105,0.488
2010,2,0.772,1826.025809233279,0.524
2011,2,0.795,2069.2929820773616,0.573
2012,2,0.816,2336.9150208783285,0.606
2013,2,0.829,2610.7840359954553,0.632
2014,2,0.848,2905.1491036703505,0.663
2015,2,0.863,3222.1259931823315,0.68
2016,2,0.877,3540.726984328874,0.701
2017,2,0.892,3876.9480913618145,0.716
2018,2,0.898,4232.164053774139,0.738
2019,2,0.903,4582.840992878467,0.759
2020,2,0.921,4947.177083154504,0.775
2021,2,0.93,5329.4124783221105,0.785
2022,2,0.935,5701.40378742237,0.801
2023,2,0.944,6092.38217852891,0.819
2024,2,0.95,6479.807080656485,0.836
2025,2,0.955,6867.140524059242,0.846
1995,3,0.115,13.227153136181123,0.0
1996,3,0.204,35.49957799127441,0.001
1997,3,0.276,70.24243604308623,0.005
1998,3,0.35,120.0163814260269,0.019
1999,3,0.402,186.23081093365408,0.039
2000,3,0.461,268.17579420243635,0.072
2001,3,0.508,361.3181678241731,0.115
2002,3,0.553,461.45353233186194,0.165
2003,3,0.593,576.6712490766133,0.203
2004,3,0.619,711.6500739519429,0.254
2005,3,0.64,852.7364587493182,0.306
2006,3,0.671,1030.2793301449708,0.358
2007,3,0.699,1214.9343411395496,0.396
2008,3,0.723,1404.4643248175796,0.434
2009,3,0.744,1606.4455790274492,0.472
2010,3,0.763,1836.3866569524087,0.512
2011,3,0.781,2077.6626247266563,0.548
2012,3,0.797,2338.6150564428067,0.583
2013,3,0.82,2610.6777997880135,0.608
2014,3,0.839,2903.0354899058616,0.646
2015,3,0.853,3208.656510487769,0.66
2016,3,0.867,3532.7858610861035,0.68
2017,3,0.883,3861.85569864546,0.699
2018,3,0.903,4205.000783834777,0.717
2019,3,0.916,4564.57390319425,0.74
2020,3,0.921,4925.8222720444555,0.749
2021,3,0.931,5302.069423986271,0.769
2022,3,0.936,5669.388613082134,0.786
2023,3,0.947,6055.533837440301,0.8
2024,3,0.95,6435.268179019707,0.813
2025,3,0.956,6807.118180250223,0.824
1995,4,0.135,16.88865214352928,0.0
1996,4,0.213,43.69736057537626,0.003
1997,4,0.285,89.4691548740323,0.01
1998,4,0.349,139.9060052723635,0.029
1999,4,0.405,204.00729233294715,0.049
2000,4,0.465,281.7479498606868,0.076
2001,4,0.51,374.8094815856514,0.122
2002,4,0.549,482.1886161380483,0.156
2003,4,0.579,596.7042494726313,0.2
2004,4,0.607,722.7240740365426,0.25
2005,4,0.635,864.6455767607624,0.3
2006,4,0.672,1032.1855230476078,0.353
2007,4,0.696,1210.4813050685134,0.403
2008,4,0.72,1402.1700652907532,0.454
2009,4,0.746,1613.5237149185646,0.483
2010,4,0.772,1849.1817406237674,0.518
2011,4,0.795,2088.519284162572,0.558
2012,4,0.808,2352.7488197333373,0.588
2013,4,0.826,2630.934457605497,0.613
2014,4,0.839,2923.9295462204395,0.639
2015,4,0.853,3226.372978606686,0.661
2016,4,0.868,3546.1482821980358,0.685
2017,4,0.883,3886.2704004819348,0.717
2018,4,0.899,4241.506296683136,0.738
2019,4,0.91,4602.0322099732775,0.76
2020,4,0.919,4963.457656011998,0.775
2021,4,0.925,5342.093400050139,0.783
2022,4,0.933,5710.068739540018,0.801
2023,4,0.937,6092.535205877637,0.813
2024,4,0.942,6482.536448457895,0.824
2025,4,0.948,6857.251402172331,0.832
1995,5,0.109,12.87695971033794,0.0
1996,5,0.189,37.63747145020278,0.002
1997,5,0.27,78.30349852817773,0.009
1998,5,0.343,125.7476945866715,0.02
1999,5,0.389,184.09691048794275,0.04
2000,5,0.44,254.8117605171955,0.064
2001,5,0.484,340.6129752154397,0.11
2002,5,0.525,447.91163581091155,0.142
2003,5,0.561,559.393324074175,0.194
2004,5,0.585,691.4927017618397,0.234
2005,5,0.627,830.9848156039521,0.286
2006,5,0.66,990.2160488604322,0.332
2007,5,0.693,1172.5967200646069,0.38
2008,5,0.719,1357.8515101301887,0.416
2009,5,0.737,1579.8924725056509,0.464
2010,5,0.764,1801.2103074538745,0.51
2011,5,0.785,2040.7472242452302,0.551
2012,5,0.813,2297.08551690843,0.586
2013,5,0.83,2572.4022007625344,0.622
2014,5,0.846,2854.7322650546303,0.648
2015,5,0.863,3163.0521488754034,0.666
2016,5,0.874,3482.0965857727556,0.69
2017,5,0.885,3814.9722976975695,0.704
2018,5,0.895,4164.463886259895,0.725
2019,5,0.904,4518.3115276357385,0.748
2020,5,0.91,4878.2318401149505,0.763
2021,5,0.921,5243.590346505359,0.781
2022,5,0.93,5616.527386745792,0.801
2023,5,0.938,6002.850984014159,0.81
2024,5,0.944,6380.353347562863,0.821
2025,5,0.95,6757.824096992196,0.829
1995,6,0.12,16.380479032394504,0.0
1996,6,0.204,44.36131410127625,0.003
1997,6,0.279,82.84172549537844,0.012
1998,6,0.341,131.95327867824952,0.031
1999,6,0.408,204.6716515185481,0.055
2000,6,0.455,288.03350406636343,0.089
2001,6,0.495,384.7697728203528,0.127
2002,6,0.526,493.2108816324561,0.164
2003,6,0.562,611.4899102708853,0.224
2004,6,0.591,746.9973039917763,0.261
2005,6,0.626,899.6025636398573,0.304
2006,6,0.66,1057.9557990978626,0.348
2007,6,0.691,1252.8109726427438,0.394
2008,6,0.71,1457.9013210333442,0.441
2009,6,0.74,1681.651696431387,0.481
2010,6,0.765,1920.3026230710693,0.515
2011,6,0.783,2169.0075396995794,0.552
2012,6,0.802,2445.00477613445,0.585
2013,6,0.822,2727.656148231824,0.617
2014,6,0.832,3033.4407636130145,0.639
2015,6,0.852,3355.796365420638,0.675
2016,6,0.868,3698.4229871976613,0.698
2017,6,0.875,4033.563005870527,0.72
2018,6,0.888,4384.439566036157,0.738
2019,6,0.897,4746.954131465942,0.757
2020,6,0.909,5116.702882536665,0.769
2021,6,0.922,5502.632576434288,0.777
2022,6,0.934,5907.267270179402,0.797
2023,6,0.947,6300.002888324945,0.808
2024,6,0.953,6697.083177423796,0.816
2025,6,0.959,7093.036765296021,0.825
1995,7,0.108,16.46508316921787,0.0
1996,7,0.208,45.83102736859916,0.0
1997,7,0.298,92.32504876654511,0.01
1998,7,0.367,145.54104900779907,0.029
1999,7,0.423,204.91324866551818,0.052
2000,7,0.478,276.7833733523779,0.087
2001,7,0.535,367.9249991834104,0.119
2002,7,0.574,481.91479264539674,0.159
2003,7,0.614,608.7043605318763,0.201
2004,7,0.651,750.0051071460292,0.258
2005,7,0.675,906.1577563401926,0.312
2006,7,0.696,1081.9468853247731,0.37
2007,7,0.717,1267.7572369468771,0.423
2008,7,0.741,1470.6067084336119,0.463
2009,7,0.76,1677.380332181886,0.504
2010,7,0.774,1903.8295147395945,0.545
2011,7,0.794,2160.435870838302,0.574
2012,7,0.814,2431.537603598481,0.609
2013,7,0.836,2707.8478520328968,0.629
2014,7,0.844,2996.5076186780984,0.658
2015,7,0.859,3313.5311333626814,0.689
2016,7,0.882,3645.2061234351677,0.713
2017,7,0.891,3988.6700813229504,0.743
2018,7,0.9,4339.11568056944,0.76
2019,7,0.913,4700.979091804933,0.781
2020,7,0.922,5068.07879400156,0.796
2021,7,0.929,5450.2639325605305,0.813
2022,7,0.934,5832.56886126008,0.817
2023,7,0.942,6215.5594312397325,0.833
2024,7,0.948,6614.535492160171,0.846
2025,7,0.954,7000.702386651434,0.856
1995,8,0.093,10.48215991635732,0.0
1996,8,0.173,26.8016908239987,0.003
1997,8,0.239,55.44363077182327,0.007
1998,8,0.32,96.16036813508606,0.015
1999,8,0.383,155.78820982685895,0.034
2000,8,0.436,224.88617799323094,0.051
2001,8,0.488,305.0633207538501,0.091
2002,8,0.534,401.509210337062,0.126
2003,8,0.568,519.9569441193858,0.161
2004,8,0.604,652.6401974743011,0.219
2005,8,0.637,807.1979847626833,0.271
2006,8,0.666,963.1883761014496,0.329
2007,8,0.695,1140.9976639814595,0.381
2008,8,0.718,1332.5192505776126,0.433
2009,8,0.736,1535.609637547111,0.486
2010,8,0.764,1765.7048682954116,0.517
2011,8,0.788,2016.9029429004813,0.559
2012,8,0.809,2265.6870905446763,0.584
2013,8,0.823,2531.353157942992,0.608
2014,8,0.846,2821.123225255714,0.644
2015,8,0.861,3116.7620993697133,0.663
2016,8,0.875,3438.0192226025815,0.69
2017,8,0.885,3749.129957995375,0.714
2018,8,0.895,4089.825761142191,0.729
2019,8,0.902,4442.645460096566,0.743
2020,8,0.909,4809.574169294145,0.763
2021,8,0.917,5174.250606089096,0.79
2022,8,0.93,5555.663131582722,0.803
2023,8,0.941,5947.232066694034,0.821
2024,8,0.943,6339.988165092871,0.826
2025,8,0.95,6721.428872610986,0.834
1995,9,0.118,12.040061067290596,0.0
1996,9,0.213,40.39409175781401,0.003
1997,9,0.294,72.67869387804377,0.004
1998,9,0.362,122.2375866179117,0.019
1999,9,0.431,187.2536187216656,0.046
2000,9,0.497,270.0667443856181,0.074
2001,9,0.538,367.3991965291613,0.117
2002,9,0.574,472.68156407123644,0.148
2003,9,0.607,597.2266216257182,0.207
2004,9,0.639,744.0264418230695,0.256
2005,9,0.672,897.3759328437001,0.318
2006,9,0.693,1068.0765599444983,0.372
2007,9,0.723,1254.269981727641,0.42
2008,9,0.74,1457.8675453327974,0.457
2009,9,0.773,1680.2084612964832,0.497
2010,9,0.792,1911.7034605710926,0.549
2011,9,0.815,2167.6483568470253,0.585
2012,9,0.833,2437.7245078194705,0.621
2013,9,0.853,2736.14754103747,0.651
2014,9,0.865,3040.108120142113,0.677
2015,9,0.88,3360.6720087026592,0.705
2016,9,0.889,3687.380587802449,0.725
2017,9,0.899,4039.1607324626057,0.75
2018,9,0.912,4391.182747508616,0.77
2019,9,0.922,4761.069019553911,0.789
2020,9,0.928,5134.025992380915,0.804
2021,9,0.934,5520.988759771327,0.814
2022,9,0.943,5905.875609495469,0.824
2023,9,0.946,6304.017743636107,0.834
2024,9,0.95,6698.751986348365,0.84
2025,9,0.953,7096.756433249798,0.849
1995,10,0.105,12.831122729391199,0.0
1996,10,0.198,39.74482560167194,0.0
1997,10,0.287,74.49342362890306,0.007
1998,10,0.35,126.01781038748096,0.021
1999,10,0.414,189.25241371645498,0.044
2000,10,0.464,266.59205481578687,0.07
2001,10,0.514,358.67505012147484,0.114
2002,10,0.545,467.4874886362457,0.158
2003,10,0.573,579.348427309498,0.207
2004,10,0.608,711.3755767412416,0.266
2005,10,0.634,865.6888078111587,0.319
2006,10,0.658,1030.1291860904153,0.363
2007,10,0.693,1211.3982322392542,0.399
2008,10,0.72,1412.2738203508775,0.445
2009,10,0.74,1630.9508024387314,0.48
2010,10,0.765,1860.6226161743073,0.531
2011,10,0.779,2106.5274016091553,0.561
2012,10,0.797,2371.8106266782142,0.583
2013,10,0.816,2654.2689751176235,0.609
2014,10,0.831,2940.4305761349424,0.637
2015,10,0.844,3245.622564524595,0.661
2016,10,0.861,3570.8877839960533,0.689
2017,10,0.876,3895.2910534845237,0.708
2018,10,0.9,4250.743287442581,0.73
2019,10,0.908,4614.687656670243,0.744
2020,10,0.913,4975.941854152783,0.764
2021,10,0.925,5364.878754325947,0.777
2022,10,0.933,5737.398429335108,0.791
2023,10,0.943,6119.959920529662,0.807
2024,10,0.951,6518.105305190383,0.819
2025,10,0.952,6906.554967469042,0.827
1995,11,0.095,13.93929925292019,0.0
1996,11,0.186,45.12622505696331,0.004
1997,11,0.257,76.68019148703597,0.013
1998,11,0.342,125.42729756561623,0.03
1999,11,0.405,187.81571795509115,0.054
2000,11,0.458,263.92171900316674,0.082
2001,11,0.51,354.8181397843863,0.117
2002,11,0.547,469.20807822737515,0.158
2003,11,0.58,585.3721062911716,0.196
2004,11,0.624,723.6149899936847,0.239
2005,11,0.651,881.1890588658501,0.304
2006,11,0.673,1041.2821905784147,0.366
2007,11,0.703,1219.7688281655785,0.402
2008,11,0.729,1411.645544684815,0.449
2009,11,0.755,1630.1456880379542,0.481
2010,11,0.78,1864.9386539944828,0.526
2011,11,0.797,2112.7371619829337,0.554
2012,11,0.808,2373.047088821808,0.584
2013,11,0.825,2649.626020503774,0.617
2014,11,0.844,2936.7444054961843,0.64
2015,11,0.859,3235.68369920517,0.661
2016,11,0.868,3558.121052476653,0.69
2017,11,0.884,3896.495840509301,0.717
2018,11,0.896,4248.656438485092,0.736
2019,11,0.912,4607.303519497471,0.752
2020,11,0.924,4967.247349371087,0.78
2021,11,0.932,5354.668029223928,0.788
2022,11,0.941,5738.269740707154,0.799
2023,11,0.948,6132.596424682011,0.813
2024,11,0.957,6507.310382901689,0.827
2025,11,0.962,6902.012951727311,0.837
1995,12,0.112,14.908671289990398,0.0
1996,12,0.206,41.64027777436051,0.003
1997,12,0.289,78.78508791883296,0.007
1998,12,0.349,128.7051985502754,0.022
1999,12,0.403,190.08809582506618,0.045
2000,12,0.457,268.1949068807042,0.077
2001,12,0.509,353.62028242178565,0.121
2002,12,0.559,460.94603976297867,0.16
2003,12,0.597,590.7787695600682,0.213
2004,12,0.625,736.2198871810264,0.264
2005,12,0.654,889.5819849660646,0.312
2006,12,0.679,1054.9603300219408,0.36
2007,12,0.706,1237.0432755560573,0.394
2008,12,0.728,1425.221082610791,0.448
2009,12,0.749,1646.3044024895253,0.486
2010,12,0.77,1875.2710560935705,0.524
2011,12,0.792,2115.2358983860695,0.559
2012,12,0.809,2386.269475504579,0.6
2013,12,0.822,2664.5216783705737,0.624
2014,12,0.836,2956.970375303047,0.653
2015,12,0.848,3262.9334960596557,0.682
2016,12,0.868,3595.6215447108393,0.71
2017,12,0.884,3944.250335398065,0.73
2018,12,0.894,4295.403210065363,0.744
2019,12,0.901,4657.7235391567965,0.762
2020,12,0.917,5025.750325613668,0.768
2021,12,0.928,5408.690446216639,0.779
2022,12,0.935,5777.579877392614,0.791
2023,12,0.944,6168.699412980172,0.809
2024,12,0.954,6555.641049589696,0.815
2025,12,0.958,6949.824857735238,0.828
1995,13,0.116,13.46054167678397,0.0
1996,13,0.21,39.54321458044024,0.001
1997,13,0.277,77.45943716803126,0.009
1998,13,0.349,126.05502083348885,0.022
1999,13,0.408,185.60975756257292,0.045
2000,13,0.464,254.32894973684253,0.065
2001,13,0.511,350.3589399771611,0.114
2002,13,0.547,450.1445416071982,0.156
2003,13,0.586,573.9404457191646,0.207
2004,13,0.63,701.2812545768284,0.256
2005,13,0.653,853.3011266074903,0.309
2006,13,0.681,1015.2300781238929,0.353
2007,13,0.707,1192.2481340121474,0.394
2008,13,0.729,1380.7344877099545,0.435
2009,13,0.75,1602.1258716137256,0.482
2010,13,0.764,1834.2188511383463,0.518
2011,13,0.786,2085.289071839345,0.557
2012,13,0.801,2355.460373955818,0.597
2013,13,0.812,2651.4981210314004,0.632
2014,13,0.83,2941.17998550455,0.658
2015,13,0.846,3247.8199676759177,0.675
2016,13,0.856,3573.09519924179,0.695
2017,13,0.874,3907.8058544884793,0.713
2018,13,0.885,4253.490649823917,0.734
2019,13,0.894,4619.541734964805,0.75
2020,13,0.903,4976.15107405236,0.762
2021,13,0.917,5342.189296948718,0.778
2022,13,0.925,5718.085040194327,0.79
2023,13,0.934,6111.538429973195,0.808
2024,13,0.939,6495.501452740673,0.814
2025,13,0.945,6891.949594968699,0.826
1995,14,0.107,12.569874442490564,0.0
1996,14,0.183,37.96792545691607,0.001
1997,14,0.263,71.36137338936153,0.011
1998,14,0.336,117.89596857184928,0.018
1999,14,0.391,175.70159770978032,0.035
2000,14,0.443,245.3942419284859,0.065
2001,14,0.502,332.5460834670683,0.103
2002,14,0.538,423.63828843553284,0.137
2003,14,0.581,534.7510727270653,0.194
2004,14,0.61,662.6002987322602,0.236
2005,14,0.645,805.0823189159478,0.289
2006,14,0.67,966.1919952066125,0.326
2007,14,0.699,1148.0263029447651,0.379
2008,14,0.729,1348.9816868229648,0.432
2009,14,0.755,1561.9013669501883,0.467
2010,14,0.78,1791.0465194756339,0.511
2011,14,0.797,2043.183398718446,0.547
2012,14,0.819,2301.755927319243,0.573
2013,14,0.837,2574.4374934630355,0.604
2014,14,0.854,2852.986217232435,0.641
2015,14,0.867,3155.530358571065,0.671
2016,14,0.875,3477.364506745297,0.691
2017,14,0.885,3807.014626100528,0.71
2018,14,0.901,4148.127742274819,0.729
2019,14,0.914,4515.545694508888,0.744
2020,14,0.925,4860.489396562854,0.766
2021,14,0.935,5233.782225430675,0.78
2022,14,0.942,5602.966263994875,0.798
2023,14,0.947,5986.847468774586,0.812
2024,14,0.955,6375.461516884683,0.822
2025,14,0.958,6745.379296276209,0.831
1995,15,0.09,11.909780825788898,0.0
1996,15,0.184,37.019524466852445,0.003
1997,15,0.266,73.8580647789402,0.008
1998,15,0.339,123.56022514785485,0.021
1999,15,0.398,183.73628361596937,0.045
2000,15,0.454,256.1109462915693,0.066
2001,15,0.509,351.6521521555807,0.105
2002,15,0.555,449.2652653106112,0.151
2003,15,0.586,575.7557918201469,0.198
2004,15,0.617,707.7360466753829,0.244
2005,15,0.649,847.6092346442712,0.3
2006,15,0.689,1018.5170925392499,0.351
2007,15,0.716,1194.71484942385,0.406
2008,15,0.743,1399.8045670814715,0.447
2009,15,0.77,1622.4191168994,0.489
2010,15,0.791,1855.8431807101144,0.53
2011,15,0.812,2106.6594108788413,0.567
2012,15,0.821,2380.4841208302546,0.594
2013,15,0.835,2654.7817233336837,0.627
2014,15,0.852,2945.463139206739,0.656
2015,15,0.859,3247.6870510681847,0.68
2016,15,0.87,3560.1923133191226,0.707
2017,15,0.882,3891.7668392530586,0.731
2018,15,0.895,4238.32927388167,0.749
2019,15,0.902,4580.886161712007,0.767
2020,15,0.91,4946.5313658308605,0.779
2021,15,0.919,5310.2261648509875,0.784
2022,15,0.926,5684.048959210366,0.794
2023,15,0.937,6051.609682676404,0.806
2024,15,0.944,6439.920017862687,0.822
2025,15,0.948,6816.964003500564,0.83
1995,16,0.097,11.679566018185996,0.0
1996,16,0.185,31.162599171437208,0.004
1997,16,0.265,61.299294998418844,0.007
1998,16,0.328,113.60733244233886,0.018
1999,16,0.382,179.42774008785526,0.037
2000,16,0.436,252.53827802609973,0.075
2001,16,0.486,338.2590600050456,0.104
2002,16,0.524,434.34265190251193,0.148
2003,16,0.563,555.3849279513445,0.194
2004,16,0.601,681.9869259667358,0.24
2005,16,0.638,827.2242637330984,0.29
2006,16,0.664,986.6520743397434,0.341
2007,16,0.69,1159.8739916231393,0.368
2008,16,0.711,1359.3248246404235,0.432
2009,16,0.735,1574.1893191408492,0.471
2010,16,0.762,1800.937644399239,0.512
2011,16,0.777,2037.741574020196,0.559
2012,16,0.795,2297.411403954856,0.582
2013,16,0.821,2574.1180031107333,0.611
2014,16,0.837,2863.617212567176,0.639
2015,16,0.862,3178.4756077280986,0.664
2016,16,0.876,3495.5053890453214,0.681
2017,16,0.888,3831.2583683438393,0.698
2018,16,0.896,4168.7861958052545,0.727
2019,16,0.91,4529.904906740394,0.742
2020,16,0.919,4894.567645162314,0.77
2021,16,0.928,5270.764835700203,0.786
2022,16,0.934,5651.309377031415,0.796
2023,16,0.939,6029.8165054890305,0.802
2024,16,0.945,6417.904402897176,0.812
2025,16,0.953,6807.722658922663,0.827
1995,17,0.105,15.880373939827951,0.0
1996,17,0.184,43.38126693311476,0.004
1997,17,0.264,75.87716575519347,0.014
1998,17,0.333,127.5910478942378,0.023
1999,17,0.4,194.2523874026495,0.05
2000,17,0.46,268.1796609659648,0.081
2001,17,0.51,356.92854283810453,0.111
2002,17,0.554,461.63527649892757,0.147
2003,17,0.601,581.5294077912304,0.196
2004,17,0.643,709.0828992198739,0.244
2005,17,0.675,865.487530586248,0.3
2006,17,0.706,1039.501092232637,0.342
2007,17,0.731,1230.6106407492057,0.393
2008,17,0.756,1436.2848233984864,0.437
2009,17,0.781,1665.505424114659,0.484
2010,17,0.798,1907.5816064363798,0.527
2011,17,0.814,2157.436177361769,0.569
2012,17,0.835,2440.8375588420386,0.618
2013,17,0.854,2736.7619886743964,0.656
2014,17,0.87,3056.2513445486966,0.674
2015,17,0.884,3383.5204179071447,0.702
2016,17,0.893,3721.8834304201782,0.728
2017,17,0.898,4081.7221090887506,0.752
2018,17,0.909,4432.989764401144,0.772
2019,17,0.921,4791.743370789094,0.782
2020,17,0.924,5171.471116710015,0.799
2021,17,0.933,5561.600066857064,0.808
2022,17,0.937,5946.801586952819,0.817
2023,17,0.941,6341.733878622209,0.832
2024,17,0.947,6734.366070429204,0.842
2025,17,0.953,7133.807032788664,0.853
1995,18,0.116,12.835027315657296,0.0
1996,18,0.211,42.76233668745657,0.005
1997,18,0.281,76.03974724191664,0.012
1998,18,0.355,123.55909867380961,0.024
1999,18,0.41,191.60514040789545,0.051
2000,18,0.467,265.8482612390702,0.075
2001,18,0.508,359.1155889662466,0.111
2002,18,0.552,462.3068342175656,0.151
2003,18,0.585,583.7376949492362,0.2
2004,18,0.614,715.0500601476168,0.261
2005,18,0.643,867.5448837534399,0.318
2006,18,0.679,1040.9318473425742,0.378
2007,18,0.708,1232.61891688969,0.418
2008,18,0.736,1432.2484227719617,0.461
2009,18,0.756,1649.9444573002233,0.499
2010,18,0.777,1880.658576051478,0.537
2011,18,0.8,2136.6690003799713,0.573
2012,18,0.816,2400.699259773023,0.598
2013,18,0.837,2691.676008270146,0.63
2014,18,0.852,2998.4277995376365,0.655
2015,18,0.862,3314.3036681249655,0.672
2016,18,0.88,3639.046048446466,0.692
2017,18,0.888,3987.842500821313,0.718
2018,18,0.901,4342.373731857262,0.748
2019,18,0.915,4702.608321830726,0.765
2020,18,0.923,5069.835234858134,0.778
2021,18,0.933,5452.669535524081,0.788
2022,18,0.938,5852.7299393673375,0.804
2023,18,0.948,6248.993935323812,0.812
2024,18,0.957,6644.992922503653,0.822
2025,18,0.961,7044.47535604058,0.837
1995,19,0.116,12.39583469659443,0.0
1996,19,0.216,36.59824343227511,0.002
1997,19,0.275,74.76210755598552,0.008
1998,19,0.322,124.60604962603361,0.021
1999,19,0.392,188.3032776687183,0.042
2000,19,0.449,258.53503383257043,0.074
2001,19,0.501,343.18615360396865,0.115
2002,19,0.536,446.6749989783752,0.155
2003,19,0.575,554.9745530912148,0.201
2004,19,0.607,689.0621752571548,0.242
2005,19,0.639,834.8563164745955,0.281
2006,19,0.671,995.1555382219765,0.339
2007,19,0.695,1182.9979597585689,0.383
2008,19,0.72,1376.7265914951338,0.425
2009,19,0.743,1589.5117320261168,0.467
2010,19,0.763,1817.92426637587,0.507
2011,19,0.782,2067.1016138285136,0.542
2012,19,0.792,2329.02026721433,0.581
2013,19,0.81,2600.7113444390598,0.612
2014,19,0.83,2891.8488739004288,0.649
2015,19,0.843,3194.6977533185045,0.671
2016,19,0.851,3502.1055785715635,0.696
2017,19,0.864,3832.323356715079,0.712
2018,19,0.875,4172.334180805352,0.726
2019,19,0.884,4515.732021477968,0.742
2020,19,0.897,4880.033623744196,0.764
2021,19,0.912,5258.870350846929,0.773
2022,19,0.925,5632.072693010762,0.789
2023,19,0.93,6017.6766249415305,0.807
2024,19,0.943,6400.083712521496,0.818
2025,19,0.952,6784.1336362492075,0.83
1995,20,0.106,8.66058781850125,0.0
1996,20,0.196,34.61390268546657,0.003
1997,20,0.281,72.38658376097771,0.008
1998,20,0.34,114.81984438408367,0.014
1999,20,0.409,172.26718431740818,0.039
2000,20,0.47,246.6704134525735,0.064
2001,20,0.516,331.1506741714766,0.1
2002,20,0.559,439.20455731805123,0.154
2003,20,0.603,554.9422758843857,0.19
2004,20,0.631,685.1718715143727,0.242
2005,20,0.656,832.2240625295951,0.295
2006,20,0.685,992.010504105509,0.341
2007,20,0.704,1172.058064393899,0.4
2008,20,0.721,1369.410811780875,0.448
2009,20,0.747,1588.5732585600103,0.498
2010,20,0.762,1822.326547819547,0.534
2011,20,0.786,2070.667428679911,0.566
2012,20,0.806,2340.0698654850544,0.594
2013,20,0.819,2617.8103050375375,0.629
2014,20,0.836,2910.3832732078354,0.658
2015,20,0.849,3221.36629199637,0.674
2016,20,0.859,3537.2147625648863,0.697
2017,20,0.871,3867.4092287279746,0.72
2018,20,0.885,4214.864587040179,0.736
2019,20,0.9,4573.018094083305,0.757
2020,20,0.916,4940.526917802243,0.776
2021,20,0.925,5315.9246642106245,0.789
2022,20,0.931,5697.60371981091,0.803
2023,20,0.94,6077.599931830618,0.81
2024,20,0.95,6468.267531776637,0.818
2025,20,0.957,6857.67604222556,0.829
1995,21,0.125,13.731982382166658,0.0
1996,21,0.192,34.65272132970692,0.002
1997,21,0.272,75.17385267943402,0.008
1998,21,0.342,128.27222308340617,0.021
1999,21,0.396,185.72332400988165,0.047
2000,21,0.452,258.4840173916607,0.071
2001,21,0.488,337.86883637825554,0.111
2002,21,0.53,440.4216890411363,0.16
2003,21,0.57,567.7083511118918,0.203
2004,21,0.606,701.447416794315,0.247
2005,21,0.63,848.4593970280825,0.295
2006,21,0.656,1025.6825022780952,0.347
2007,21,0.689,1204.2661728335033,0.389
2008,21,0.711,1403.1931020405727,0.433
2009,21,0.731,1617.2610166114612,0.478
2010,21,0.756,1846.3621629654258,0.508
2011,21,0.776,2100.766911175875,0.549
2012,21,0.797,2366.991372974066,0.581
2013,21,0.814,2645.6927387847472,0.619
2014,21,0.83,2931.213126434184,0.64
2015,21,0.85,3229.094171458753,0.659
2016,21,0.859,3553.864089289835,0.687
2017,21,0.87,3889.987817259764,0.707
2018,21,0.877,4233.92151172984,0.727
2019,21,0.891,4597.08295785525,0.744
2020,21,0.903,4965.9135206028795,0.764
2021,21,0.914,5354.630490672605,0.778
2022,21,0.925,5733.202084283682,0.798
2023,21,0.931,6116.275151956258,0.81
2024,21,0.94,6512.796216335487,0.819
2025,21,0.947,6906.122881074239,0.827
1995,22,0.103,9.555990386760506,0.0
1996,22,0.195,36.53174348826232,0.003
1997,22,0.268,68.93689638023454,0.007
1998,22,0.327,114.74952338569737,0.016
1999,22,0.401,173.3095820242701,0.037
2000,22,0.444,247.3601012903201,0.066
2001,22,0.499,329.10108579665257,0.104
2002,22,0.539,433.9543283546678,0.141
2003,22,0.575,545.2754394070389,0.176
2004,22,0.606,680.7942767685677,0.229
2005,22,0.644,821.8389436073962,0.28
2006,22,0.666,974.7559930925684,0.331
2007,22,0.688,1140.0625919787994,0.368
2008,22,0.721,1333.9219118557703,0.413
2009,22,0.745,1550.2195528950467,0.457
2010,22,0.761,1767.4871656129897,0.491
2011,22,0.787,1998.4783917827576,0.532
2012,22,0.803,2244.988841696634,0.57
2013,22,0.818,2522.770661264429,0.605
2014,22,0.836,2803.203215722629,0.631
2015,22,0.849,3106.206213315649,0.664
2016,22,0.86,3415.2280501706273,0.682
2017,22,0.876,3747.6415372643964,0.709
2018,22,0.886,4081.5909340316866,0.721
2019,22,0.905,4434.664903528951,0.743
2020,22,0.915,4789.633400110157,0.764
2021,22,0.926,5157.7453725268415,0.777
2022,22,0.937,5528.5727526928,0.798
2023,22,0.943,5900.420382704003,0.815
2024,22,0.947,6266.301116521532,0.82
2025,22,0.952,6640.346465125449,0.835
1995,23,0.107,17.621597425701896,0.0
1996,23,0.196,46.18941008913526,0.006
1997,23,0.267,80.11425551774714,0.014
1998,23,0.325,130.4347840079773,0.027
1999,23,0.386,186.43298291328327,0.036
2000,23,0.438,254.38522221944493,0.07
2001,23,0.497,343.92642760524024,0.106
2002,23,0.544,444.9355091240843,0.142
2003,23,0.588,562.9101620912766,0.189
2004,23,0.622,698.2571007813702,0.238
2005,23,0.644,843.554069572561,0.29
2006,23,0.675,996.4072256344951,0.334
2007,23,0.703,1173.4504378617382,0.387
2008,23,0.727,1368.9967822073306,0.426
2009,23,0.751,1571.3139534415864,0.462
2010,23,0.767,1787.7093343089916,0.507
2011,23,0.786,2030.5984637416825,0.539
2012,23,0.808,2293.6669286451806,0.582
2013,23,0.833,2571.7886148815833,0.612
2014,23,0.851,2867.7145756932487,0.64
2015,23,0.869,3165.223881622069,0.655
2016,23,0.875,3473.355838583858,0.686
2017,23,0.893,3807.472271695024,0.718
2018,23,0.906,4151.294809535685,0.739
2019,23,0.914,4493.449175689079,0.767
2020,23,0.921,4858.53574086779,0.781
2021,23,0.929,5222.82421649657,0.799
2022,23,0.938,5604.670023723201,0.816
2023,23,0.944,5980.314310278481,0.829
2024,23,0.952,6362.185141820627,0.839
2025,23,0.959,6746.038195059782,0.851
1995,24,0.109,15.082712835663559,0.0
1996,24,0.196,36.87531538689777,0.003
1997,24,0.273,71.18709226271413,0.012
1998,24,0.326,121.72663410193667,0.022
1999,24,0.382,184.26978274158586,0.049
2000,24,0.432,259.9380361403966,0.08
2001,24,0.481,350.70361441230216,0.115
2002,24,0.526,451.71716074587704,0.156
2003,24,0.559,572.084831381401,0.202
2004,24,0.592,698.5519651095834,0.246
2005,24,0.63,840.9109159522475,0.282
2006,24,0.663,1002.9293017441322,0.333
2007,24,0.696,1189.8779505374864,0.376
2008,24,0.732,1381.5047676356053,0.412
2009,24,0.759,1585.8617968730216,0.446
2010,24,0.781,1818.5578885917162,0.493
2011,24,0.806,2077.3114827730487,0.537
2012,24,0.827,2344.527558201458,0.578
2013,24,0.841,2614.995556919639,0.605
2014,24,0.851,2920.784123338376,0.64
2015,24,0.866,3228.170687004536,0.671
2016,24,0.877,3550.3770515961833,0.695
2017,24,0.89,3900.927546789796,0.718
2018,24,0.903,4260.167790452991,0.736
2019,24,0.916,4622.522581239119,0.766
2020,24,0.927,4997.572969214423,0.781
2021,24,0.938,5375.335719816453,0.805
2022,24,0.943,5766.712975838036,0.819
2023,24,0.948,6174.070571897015,0.835
2024,24,0.951,6566.671610950756,0.84
2025,24,0.956,6968.974328521093,0.851
1995,25,0.11,10.593590932661023,0.0
1996,25,0.183,34.06983877389333,0.001
1997,25,0.264,64.68561946532449,0.011
1998,25,0.337,109.35121010624866,0.021
1999,25,0.395,168.47516929214063,0.043
2000,25,0.436,240.64239398849926,0.066
2001,25,0.484,322.8307203448552,0.097
2002,25,0.536,413.435388526866,0.135
2003,25,0.575,523.025952694234,0.171
2004,25,0.622,655.9917087793895,0.227
2005,25,0.651,798.1031094265518,0.264
2006,25,0.676,950.5127881209324,0.319
2007,25,0.699,1123.7630358176802,0.368
2008,25,0.721,1310.9101794516332,0.425
2009,25,0.743,1520.2008450235114,0.467
2010,25,0.772,1747.4740249625766,0.509
2011,25,0.788,1981.1688740023458,0.548
2012,25,0.81,2238.9039780727244,0.581
2013,25,0.832,2503.70832721115,0.609
2014,25,0.844,2790.359800920475,0.639
2015,25,0.857,3086.5811748199976,0.668
2016,25,0.867,3403.7076337820895,0.685
2017,25,0.88,3739.8149476531808,0.711
2018,25,0.889,4077.8771829171405,0.725
2019,25,0.9,4427.2148268954825,0.746
2020,25,0.908,4788.17264824532,0.753
2021,25,0.919,5153.143272564835,0.772
2022,25,0.93,5523.073102240649,0.787
2023,25,0.938,5892.595652709669,0.8
2024,25,0.947,6266.939562073495,0.815
2025,25,0.952,6647.834545430314,0.827
1995,26,0.121,14.42603416363964,0.0
1996,26,0.211,37.172990211452166,0.002
1997,26,0.278,73.01577282106501,0.012
1998,26,0.336,118.60966088986144,0.027
1999,26,0.388,184.80631841827014,0.043
2000,26,0.443,262.1944973177122,0.071
2001,26,0.494,350.5679181545083,0.111
2002,26,0.539,452.3706542015307,0.145
2003,26,0.583,568.8746970077292,0.19
2004,26,0.617,697.6639033531443,0.226
2005,26,0.655,846.9846130723029,0.287
2006,26,0.69,1015.3636384317631,0.328
2007,26,0.716,1197.1682018408337,0.381
2008,26,0.737,1392.8756791373864,0.447
2009,26,0.752,1607.7325997383384,0.483
2010,26,0.773,1829.0583794219883,0.526
2011,26,0.794,2073.307926491397,0.56
2012,26,0.808,2337.97088070492,0.583
2013,26,0.828,2618.0961822753848,0.616
2014,26,0.841,2914.4269555766396,0.639
2015,26,0.854,3224.801406352802,0.669
2016,26,0.865,3566.09120951597,0.691
2017,26,0.877,3899.0987373451453,0.712
2018,26,0.89,4249.011482153909,0.727
2019,26,0.903,4597.865116110717,0.748
2020,26,0.918,4970.486598495376,0.767
2021,26,0.926,5351.214824132509,0.776
2022,26,0.934,5724.141607472407,0.79
2023,26,0.939,6099.032217960801,0.804
2024,26,0.946,6476.791920833362,0.815
2025,26,0.955,6852.8896106334905,0.827
1995,27,0.095,12.601442306412903,0.0
1996,27,0.187,32.788868434001955,0.002
1997,27,0.265,68.37737877976673,0.01
1998,27,0.32,118.08258816224097,0.022
1999,27,0.381,172.69215280663002,0.041
2000,27,0.437,246.55653194098923,0.073
2001,27,0.482,332.7458365508156,0.114
2002,27,0.517,435.42902282742807,0.147
2003,27,0.566,550.3986405855273,0.185
2004,27,0.601,678.1724991525234,0.236
2005,27,0.628,818.9498640045698,0.274
2006,27,0.655,981.4005610998761,0.317
2007,27,0.685,1159.553386668481,0.378
2008,27,0.706,1348.397762658053,0.424
2009,27,0.729,1556.7559433308584,0.47
2010,27,0.749,1790.0228366504168,0.508
2011,27,0.77,2028.670893918618,0.538
2012,27,0.794,2290.075898784429,0.57
2013,27,0.816,2560.144799472887,0.599
2014,27,0.838,2844.5535747718686,0.627
2015,27,0.85,3139.545627547132,0.654
2016,27,0.862,3456.4765479678217,0.68
2017,27,0.879,3793.0143112305805,0.692
2018,27,0.887,4136.54310061982,0.724
2019,27,0.896,4482.619291388859,0.734
2020,27,0.906,4841.016823548315,0.751
2021,27,0.911,5207.558332654359,0.768
2022,27,0.917,5582.266749667117,0.781
2023,27,0.925,5958.720600224526,0.796
2024,27,0.934,6343.503908006666,0.811
2025,27,0.943,6717.992163214411,0.819
1995,28,0.109,9.664698272116159,0.0
1996,28,0.21,34.05042219055115,0.0
1997,28,0.299,73.2248526509556,0.005
1998,28,0.36,128.78484866591162,0.023
1999,28,0.415,190.03495688328073,0.049
2000,28,0.471,267.7781852658017,0.073
2001,28,0.51,359.87118538986704,0.111
2002,28,0.559,458.84910118423426,0.147
2003,28,0.603,580.6256306421476,0.198
2004,28,0.637,719.7307378575557,0.246
2005,28,0.67,875.2412598543614,0.308
2006,28,0.699,1049.983194987996,0.364
2007,28,0.731,1243.7466331896117,0.409
2008,28,0.747,1440.7263097591556,0.45
2009,28,0.768,1650.5760328874815,0.494
2010,28,0.783,1886.2982911961215,0.529
2011,28,0.797,2126.140996981755,0.576
2012,28,0.818,2406.733609554668,0.6
2013,28,0.83,2703.2922810265723,0.639
2014,28,0.84,3005.020794585486,0.656
2015,28,0.851,3313.4123302497787,0.675
2016,28,0.869,3645.5655336150435,0.702
2017,28,0.883,3993.8071926099265,0.721
2018,28,0.896,4340.904477312712,0.741
2019,28,0.909,4689.1999422409435,0.756
2020,28,0.914,5062.594774574911,0.764
2021,28,0.924,5449.288547051463,0.779
2022,28,0.933,5819.781821856087,0.797
2023,28,0.94,6207.220903397463,0.803
2024,28,0.946,6591.457657477216,0.819
2025,28,0.947,6992.081636698242,0.83
1995,29,0.105,11.273610915775278,0.0
1996,29,0.197,36.65437489787753,0.001
1997,29,0.273,68.73485839580107,0.009
1998,29,0.341,118.75262355740486,0.019
1999,29,0.404,180.57529925913136,0.042
2000,29,0.452,260.5763361417365,0.072
2001,29,0.493,350.67201001292665,0.115
2002,29,0.539,457.2135865591398,0.158
2003,29,0.575,576.2962390103656,0.205
2004,29,0.611,704.3331470027636,0.242
2005,29,0.648,851.9971899404426,0.3
2006,29,0.688,1014.0155637328472,0.335
2007,29,0.711,1206.8531091270186,0.384
2008,29,0.738,1401.0595219919478,0.413
2009,29,0.758,1616.1878340682429,0.466
2010,29,0.771,1849.9157960418966,0.511
2011,29,0.797,2099.3145964737796,0.548
2012,29,0.815,2366.228443565444,0.581
2013,29,0.836,2640.558629786696,0.613
2014,29,0.855,2941.018067789329,0.644
2015,29,0.868,3253.76983448794,0.67
2016,29,0.882,3586.522543008088,0.696
2017,29,0.899,3929.4854359625047,0.727
2018,29,0.91,4279.8926432376265,0.747
2019,29,0.914,4642.106878799294,0.764
2020,29,0.92,5017.840281156216,0.777
2021,29,0.93,5389.607249459986,0.793
2022,29,0.934,5767.765844559055,0.803
2023,29,0.941,6156.062319040192,0.816
2024,29,0.953,6542.290368543008,0.832
2025,29,0.959,6933.139226097738,0.841
